City_ID,City,Country,Date,Lat,Lng,Max Temp,Humidity,Cloudiness,Wind Speed
0,Kahului,US,2021-07-17 18:54:44,20.8947,-156.47,80.83,78,100,15.99
1,Lata,PT,2021-07-17 18:59:27,40.1629,-8.3327,74.35,49,0,6.53
2,Albany,US,2021-07-17 18:59:27,42.6001,-73.9662,85.15,97,100,4.12
3,Provideniya,RU,2021-07-17 18:59:27,64.3833,-173.3,45.86,97,100,6.4
4,Airai,TL,2021-07-17 18:59:28,-8.9266,125.4092,56.62,64,99,2.13
5,Punta Arenas,CL,2021-07-17 18:59:28,-53.15,-70.9167,37.51,93,75,9.22
6,Tilichiki,RU,2021-07-17 18:59:28,60.4667,166.1,49.98,91,100,3.04
7,Cherskiy,RU,2021-07-17 18:59:29,68.75,161.3,58.08,79,100,5.93
8,Port Alfred,ZA,2021-07-17 18:59:29,-33.5906,26.891,57.81,73,0,7.96
9,Ayan,RU,2021-07-17 18:59:29,56.45,138.1667,62.8,63,83,13.0
10,Srednekolymsk,RU,2021-07-17 18:59:30,67.45,153.6833,51.82,92,100,16.24
11,Sibolga,ID,2021-07-17 18:59:30,1.7427,98.7792,74.88,79,20,3.98
12,Te Anau,NZ,2021-07-17 18:59:30,-45.4167,167.7167,45.81,95,100,2.3
13,Asau,RO,2021-07-17 18:59:31,46.4333,26.4,75.4,73,0,3.87
14,Constitucion,CL,2021-07-17 18:59:31,-35.3333,-72.4167,55.02,46,0,14.23
15,Havelock,US,2021-07-17 18:59:31,34.8791,-76.9013,89.02,79,40,7.0
16,Deputatskiy,RU,2021-07-17 18:59:32,69.3,139.9,34.03,74,100,11.34
17,Nantucket,US,2021-07-17 18:59:32,41.2835,-70.0995,88.14,88,90,12.66
18,Lagoa,PT,2021-07-17 18:59:32,39.05,-27.9833,67.77,74,5,15.9
19,Vaini,TO,2021-07-17 18:59:32,-21.2,-175.2,73.56,100,40,6.91
20,Salinopolis,BR,2021-07-17 18:59:33,-0.6136,-47.3561,82.99,73,99,11.48
21,Aberdeen,GB,2021-07-17 18:57:16,57.1437,-2.0981,72.09,57,3,10.36
22,Lingao,CN,2021-07-17 18:59:33,19.9103,109.6859,80.56,82,100,6.53
23,Daura,NG,2021-07-17 18:59:34,11.5538,11.4085,81.36,63,100,8.7
24,Hermanus,ZA,2021-07-17 18:59:34,-34.4187,19.2345,53.91,90,4,7.7
25,Atuona,PF,2021-07-17 18:59:34,-9.8,-139.0333,78.06,77,23,26.64
26,Shiyan,CN,2021-07-17 18:59:34,32.6475,110.7781,74.91,92,5,1.77
27,Qaanaaq,GL,2021-07-17 18:59:35,77.484,-69.3632,35.83,92,100,4.74
28,San Carlos,VE,2021-07-17 18:59:35,9.6612,-68.5827,90.86,40,16,5.48
29,Jasper,US,2021-07-17 18:59:35,37.2001,-94.3502,86.27,77,84,3.0
30,Irgakly,RU,2021-07-17 18:59:36,44.3611,44.7556,78.22,38,0,8.66
31,Guerrero Negro,MX,2021-07-17 18:59:36,27.9769,-114.0611,78.55,55,0,13.0
32,Kampot,KH,2021-07-17 18:59:36,10.6167,104.1833,80.65,90,100,5.79
33,Rawson,AR,2021-07-17 18:59:36,-43.3002,-65.1023,46.29,61,98,25.77
34,Dunedin,NZ,2021-07-17 18:59:34,-45.8742,170.5036,49.8,94,100,11.01
35,Bandarbeyla,SO,2021-07-17 18:59:37,9.4942,50.8122,76.96,81,96,29.77
36,Isla Vista,US,2021-07-17 18:58:04,34.4133,-119.861,92.68,63,4,6.2
37,New Norfolk,AU,2021-07-17 18:59:37,-42.7826,147.0587,49.5,81,100,1.99
38,Axim,GH,2021-07-17 18:59:37,4.8699,-2.2405,76.35,82,70,7.02
39,Avarua,CK,2021-07-17 18:59:38,-21.2078,-159.775,75.25,83,40,8.05
40,Noyabrsk,RU,2021-07-17 18:59:38,63.1994,75.4507,51.73,94,100,5.75
41,Mlonggo,ID,2021-07-17 18:59:38,-6.5333,110.7,77.49,78,97,4.45
42,Khatanga,RU,2021-07-17 18:59:39,71.9667,102.5,53.71,67,97,8.08
43,Chokurdakh,RU,2021-07-17 18:59:39,70.6333,147.9167,38.37,84,100,15.35
44,Tuktoyaktuk,CA,2021-07-17 18:59:39,69.4541,-133.0374,71.6,49,75,13.8
45,Hobart,AU,2021-07-17 18:59:01,-42.8794,147.3294,49.86,84,90,1.99
46,Sao Filipe,CV,2021-07-17 18:59:40,14.8961,-24.4956,73.67,83,100,7.61
47,Muros,ES,2021-07-17 18:59:40,42.7762,-9.0603,92.14,58,0,4.92
48,Chuy,UY,2021-07-17 18:59:40,-33.6971,-53.4616,52.65,58,4,13.4
49,Albania,AL,2021-07-17 18:59:41,41.0,20.0,80.51,64,18,1.79
50,Puerto Ayora,EC,2021-07-17 18:59:41,-0.7393,-90.3518,78.76,92,99,8.99
51,Severo-Kurilsk,RU,2021-07-17 18:59:41,50.6789,156.125,53.85,99,100,2.28
52,Mae Ramat,TH,2021-07-17 18:59:41,16.984,98.5166,74.08,98,100,1.5
53,Kismayo,SO,2021-07-17 18:59:42,-0.3582,42.5454,77.02,75,28,18.88
54,Oistins,BB,2021-07-17 18:59:42,13.0667,-59.5333,86.09,70,20,16.11
55,Mataura,NZ,2021-07-17 18:59:42,-46.1927,168.8643,44.47,99,96,2.19
56,Ushuaia,AR,2021-07-17 18:59:43,-54.8,-68.3,35.22,80,75,2.3
57,Dikson,RU,2021-07-17 18:59:43,73.5069,80.5464,34.05,92,100,10.98
58,Makat,KZ,2021-07-17 18:59:43,47.6469,53.3463,87.46,27,66,10.0
59,Kruisfontein,ZA,2021-07-17 18:59:44,-34.0033,24.7314,50.16,76,0,5.61
60,Kapaa,US,2021-07-17 18:59:44,22.0752,-159.319,82.38,80,98,4.0
61,Rikitea,PF,2021-07-17 18:59:44,-23.1203,-134.9692,72.61,78,98,26.89
62,Norman Wells,CA,2021-07-17 18:59:44,65.282,-126.8329,68.04,42,40,9.22
63,Aklavik,CA,2021-07-17 18:59:45,68.2191,-135.0107,73.4,49,40,11.5
64,Nanortalik,GL,2021-07-17 18:59:45,60.1432,-45.2371,52.14,71,100,17.13
65,Gazojak,TM,2021-07-17 18:59:45,41.1875,61.4036,90.23,15,82,7.43
66,Karonga,MW,2021-07-17 18:59:45,-9.9333,33.9333,66.58,74,43,3.98
67,Kapit,MY,2021-07-17 18:59:46,2.0167,112.9333,72.64,97,99,0.43
68,Ust-Omchug,RU,2021-07-17 18:59:46,61.15,149.6333,52.77,94,100,0.89
69,Saint-Philippe,RE,2021-07-17 18:59:46,-21.3585,55.7679,68.22,73,53,15.5
70,Sonoita,MX,2021-07-17 18:59:47,31.85,-112.8333,83.1,55,100,3.85
71,Cap-Aux-Meules,CA,2021-07-17 18:59:47,47.3821,-61.8597,71.65,64,75,12.66
72,Andenes,NO,2021-07-17 18:59:47,69.3143,16.1194,51.78,87,75,12.66
73,Beyneu,KZ,2021-07-17 18:59:48,45.3167,55.2,90.72,17,5,7.9
74,Isangel,VU,2021-07-17 18:59:48,-19.55,169.2667,75.51,91,27,6.53
75,Mount Gambier,AU,2021-07-17 18:59:48,-37.8333,140.7667,44.51,93,90,5.75
76,Yellowknife,CA,2021-07-17 18:59:49,62.456,-114.3525,60.33,47,20,3.44
77,Codrington,AU,2021-07-17 18:59:49,-38.2667,141.9667,47.48,79,41,12.91
78,Port Lincoln,AU,2021-07-17 18:59:49,-34.7333,135.8667,52.23,75,100,6.26
79,Hambantota,LK,2021-07-17 18:59:49,6.1241,81.1185,79.68,79,99,15.23
80,Katsuura,JP,2021-07-17 18:59:50,35.1333,140.3,78.12,91,20,5.41
81,Qaqortoq,GL,2021-07-17 18:59:50,60.7167,-46.0333,51.12,68,100,1.12
82,Vinh,VN,2021-07-17 18:59:50,18.6667,105.6667,79.38,84,100,4.12
83,Pisco,PE,2021-07-17 18:59:51,-13.7,-76.2167,65.01,88,40,8.05
84,Georgetown,MY,2021-07-17 18:57:47,5.4112,100.3354,82.89,89,20,3.0
85,Bethel,US,2021-07-17 18:59:51,41.3712,-73.414,90.72,71,75,1.01
86,Ostrovnoy,RU,2021-07-17 18:59:51,68.0531,39.5131,56.95,76,100,0.85
87,Hilo,US,2021-07-17 18:59:51,19.7297,-155.09,78.62,89,90,5.75
88,Kamina,CD,2021-07-17 18:59:52,-8.7386,24.9906,65.08,37,79,5.64
89,Fortuna,US,2021-07-17 18:59:52,40.5982,-124.1573,67.93,73,75,4.0
90,Dahra,DZ,2021-07-17 18:59:52,36.2546,0.8519,94.39,32,5,6.38
91,Klaksvik,FO,2021-07-17 18:59:53,62.2266,-6.589,52.72,89,15,15.75
92,Leningradskiy,RU,2021-07-17 18:59:53,69.3833,178.4167,49.51,75,41,7.18
93,Ormara,PK,2021-07-17 18:59:53,25.2088,64.6357,83.66,85,26,16.04
94,Kurchum,KZ,2021-07-17 18:59:54,48.5722,83.6542,65.17,47,54,4.97
95,Castro,BR,2021-07-17 18:59:54,-24.7911,-50.0119,61.23,85,37,9.35
96,Butaritari,KI,2021-07-17 18:59:54,3.0707,172.7902,83.82,75,14,18.03
97,Bilibino,RU,2021-07-17 18:59:55,68.0546,166.4372,58.84,81,100,6.31
98,Gamba,GA,2021-07-17 18:59:55,-2.65,10.0,71.15,87,61,6.58
99,Busselton,AU,2021-07-17 18:59:55,-33.65,115.3333,54.34,70,6,9.04
100,Port Macquarie,AU,2021-07-17 18:59:55,-31.4333,152.9167,54.37,56,2,14.18
101,Arraial Do Cabo,BR,2021-07-17 18:59:56,-22.9661,-42.0278,75.16,78,40,11.5
102,Cavalcante,BR,2021-07-17 18:59:56,-13.7975,-47.4583,87.66,19,0,4.25
103,Kaitangata,NZ,2021-07-17 18:59:56,-46.2817,169.8464,46.11,92,100,7.49
104,Kavaratti,IN,2021-07-17 18:59:57,10.5669,72.642,82.51,79,92,18.84
105,Bluff,NZ,2021-07-17 18:59:57,-46.6,168.3333,44.8,85,100,10.54
106,Flinders,AU,2021-07-17 18:59:57,-34.5833,150.8552,53.26,69,0,18.25
107,Saint-Joseph,RE,2021-07-17 18:59:57,-21.3667,55.6167,67.21,73,29,16.28
108,Raga,SS,2021-07-17 18:59:58,8.4596,25.678,69.44,99,100,4.85
109,Poum,NC,2021-07-17 18:59:58,-20.2333,164.0167,74.12,75,1,5.41
110,Timaru,NZ,2021-07-17 18:59:58,-44.4,171.25,47.07,97,100,3.67
111,Cape Town,ZA,2021-07-17 18:56:45,-33.9258,18.4232,58.26,94,20,1.99
112,Souillac,MU,2021-07-17 18:59:59,-20.5167,57.5167,71.98,78,40,14.97
113,Luis Correia,BR,2021-07-17 18:59:59,-2.8792,-41.6669,86.0,70,40,16.11
114,Uong Bi,VN,2021-07-17 18:59:59,21.0333,106.7833,84.18,87,100,4.12
115,Torbay,CA,2021-07-17 18:59:06,47.6666,-52.7314,77.77,84,75,20.71
116,Upernavik,GL,2021-07-17 19:00:00,72.7868,-56.1549,40.73,73,100,12.91
117,Tura,IN,2021-07-17 19:00:00,25.5198,90.2201,73.27,93,100,4.34
118,Dashitou,CN,2021-07-17 19:00:00,43.3067,128.5114,67.03,96,68,2.51
119,Toccoa,US,2021-07-17 19:00:01,34.5773,-83.3324,90.82,55,75,10.36
120,Batagay,RU,2021-07-17 19:00:04,67.6333,134.6333,40.39,76,8,3.53
121,Luderitz,NA,2021-07-17 19:00:04,-26.6481,15.1594,66.02,37,0,9.95
122,Gritsovskiy,RU,2021-07-17 19:00:04,54.1376,38.1604,73.47,69,53,4.88
123,Port Hedland,AU,2021-07-17 19:00:05,-20.3167,118.5667,55.45,71,46,6.91
124,Medea,DZ,2021-07-17 19:00:05,36.2642,2.7539,68.45,34,0,5.3
125,Zary,PL,2021-07-17 19:00:06,51.6421,15.1373,74.95,91,87,1.99
126,Cabo San Lucas,MX,2021-07-17 19:00:01,22.8909,-109.9124,96.8,70,3,1.01
127,Bundaberg,AU,2021-07-17 19:00:07,-24.85,152.35,54.21,60,0,8.08
128,Uarini,BR,2021-07-17 19:00:07,-2.99,-65.1083,80.51,87,100,3.15
129,Victoria,HK,2021-07-17 18:59:58,22.2855,114.1577,84.18,84,100,1.01
130,Barrow,US,2021-07-17 19:00:08,71.2906,-156.7887,46.53,88,100,11.48
131,Hithadhoo,MV,2021-07-17 19:00:08,-0.6,73.0833,82.74,73,15,5.66
132,Tasiilaq,GL,2021-07-17 19:00:09,65.6145,-37.6368,42.01,70,100,6.82
133,Tiksi,RU,2021-07-17 19:00:09,71.6872,128.8694,38.03,79,100,9.89
134,Baraboo,US,2021-07-17 19:00:10,43.4711,-89.7443,82.29,58,40,1.01
135,Shu,KZ,2021-07-17 19:00:10,43.5983,73.7614,72.68,16,0,5.01
136,Henties Bay,NA,2021-07-17 19:00:11,-22.116,14.2845,67.86,58,47,9.19
137,Nouadhibou,MR,2021-07-17 19:00:11,20.931,-17.0347,67.57,95,30,13.69
138,Alyangula,AU,2021-07-17 19:00:11,-13.8483,136.4192,72.66,66,35,13.35
139,Faanui,PF,2021-07-17 19:00:12,-16.4833,-151.75,79.54,72,3,20.13
140,Port Augusta,AU,2021-07-17 19:00:13,-32.5,137.7667,42.71,70,100,4.38
141,Kudahuvadhoo,MV,2021-07-17 19:00:13,2.6708,72.8944,82.99,75,85,10.0
142,Tuatapere,NZ,2021-07-17 19:00:13,-46.1333,167.6833,44.82,94,99,2.8
143,Lorengau,PG,2021-07-17 19:00:13,-2.0226,147.2712,81.14,76,97,3.69
144,Coihaique,CL,2021-07-17 19:00:14,-45.5752,-72.0662,41.45,73,78,5.59
145,Aykhal,RU,2021-07-17 19:00:15,66.0,111.5,54.91,79,62,6.22
146,Haines Junction,CA,2021-07-17 19:00:15,60.7522,-137.5108,70.59,21,0,3.2
147,East London,ZA,2021-07-17 19:00:16,-33.0153,27.9116,59.92,61,0,6.53
148,Margate,GB,2021-07-17 19:00:16,51.3813,1.3862,73.18,68,0,1.99
149,Iroquois Falls,CA,2021-07-17 19:00:17,48.7669,-80.6831,85.75,30,19,7.85
150,Altamira,BR,2021-07-17 19:00:17,-3.2033,-52.2064,91.09,50,86,2.55
151,Tingo Maria,PE,2021-07-17 18:59:16,-9.2895,-76.0088,84.51,61,40,3.44
152,Mnogovershinnyy,RU,2021-07-17 19:00:18,53.9353,139.9242,57.85,75,18,5.06
153,Auki,SB,2021-07-17 19:00:19,-8.7676,160.7034,77.9,91,45,4.72
154,Jamestown,US,2021-07-17 19:00:19,42.097,-79.2353,78.12,88,90,8.05
155,Balykshi,KZ,2021-07-17 19:00:19,47.0667,51.8667,78.8,57,0,8.95
156,Challapata,BO,2021-07-17 19:00:20,-18.9,-66.7667,52.2,13,17,5.06
157,Hvittingfoss,NO,2021-07-17 19:00:21,59.4833,10.0167,76.82,48,5,1.01
158,Kaeo,NZ,2021-07-17 19:00:21,-35.1,173.7833,61.32,85,100,12.84
159,Messina,IT,2021-07-17 19:00:21,38.1933,15.5497,75.22,76,75,4.0
160,Paita,PE,2021-07-17 19:00:22,-5.0892,-81.1144,72.57,71,54,13.73
161,Moose Factory,CA,2021-07-17 19:00:23,51.2585,-80.6094,83.28,39,95,12.35
162,Kiunga,PG,2021-07-17 19:00:23,-6.1219,141.2906,72.63,100,100,1.68
163,Kutum,SD,2021-07-17 19:00:23,14.2,24.6667,79.11,45,33,9.06
164,Pacific Grove,US,2021-07-17 19:00:23,36.6177,-121.9166,82.81,87,75,5.01
165,Orebro,SE,2021-07-17 19:00:24,59.2741,15.2066,77.18,33,0,5.75
166,Nexo,DK,2021-07-17 19:00:24,55.0607,15.1306,73.49,78,0,12.39
167,Corbelia,BR,2021-07-17 19:00:25,-24.7989,-53.3067,67.78,75,36,8.9
168,Ukiah,US,2021-07-17 19:00:01,39.1502,-123.2078,97.43,32,0,1.99
169,Geraldton,AU,2021-07-17 19:00:25,-28.7667,114.6,52.21,93,5,10.36
170,Iberia,US,2021-07-17 19:00:26,29.9502,-91.7507,87.98,89,75,5.75
171,Malinalco,MX,2021-07-17 19:00:26,18.95,-99.5,75.61,67,92,5.3
172,Saldanha,ZA,2021-07-17 19:00:26,-33.0117,17.9442,56.7,90,0,9.35
173,Nikolskoye,RU,2021-07-17 19:00:27,59.7035,30.7861,73.29,57,0,3.38
174,Okhotsk,RU,2021-07-17 19:00:27,59.3833,143.3,56.73,86,63,2.64
175,Susanville,US,2021-07-17 18:57:11,40.4163,-120.653,85.82,15,1,1.99
176,Molochnoye,RU,2021-07-17 19:00:28,59.2917,39.6787,63.73,55,0,7.29
177,Esperance,AU,2021-07-17 19:00:28,-33.8667,121.9,52.27,78,11,10.18
178,Nioro,GM,2021-07-17 19:00:28,13.35,-15.75,91.44,49,100,3.78
179,Carnarvon,AU,2021-07-17 19:00:29,-24.8667,113.6333,61.7,58,81,12.3
180,Guiratinga,BR,2021-07-17 19:00:29,-16.3494,-53.7583,91.4,18,0,6.76
181,Padang,ID,2021-07-17 19:00:29,-0.9492,100.3543,75.87,79,71,4.34
182,Kishi,NG,2021-07-17 19:00:30,9.0833,3.85,77.18,73,99,8.03
183,Verrettes,HT,2021-07-17 19:00:30,19.05,-72.4667,92.3,50,46,3.2
184,Rockhampton,AU,2021-07-17 19:00:14,-23.3833,150.5,48.09,81,8,0.0
185,Salalah,OM,2021-07-17 18:56:07,17.0151,54.0924,77.27,94,100,11.39
186,Acapulco,MX,2021-07-17 19:00:30,16.8634,-99.8901,85.93,64,98,5.19
187,Ornskoldsvik,SE,2021-07-17 19:00:31,63.2909,18.7153,69.62,68,100,6.91
188,Marawi,PH,2021-07-17 19:00:31,7.9986,124.2928,68.65,92,100,6.13
189,Quila,MX,2021-07-17 19:00:31,24.4228,-107.22,97.32,36,35,8.43
190,Lebu,CL,2021-07-17 19:00:32,-37.6167,-73.65,51.06,62,2,16.42
191,Hofn,IS,2021-07-17 19:00:33,64.2539,-15.2082,54.97,74,23,7.92
192,Saint-Leu,RE,2021-07-17 19:00:33,-21.15,55.2833,67.68,68,92,5.21
193,Labuhan,ID,2021-07-17 19:00:33,-6.8844,112.2051,76.42,82,23,7.0
194,Kungurtug,RU,2021-07-17 19:00:34,50.5994,97.5228,54.48,94,100,1.28
195,Wuwei,CN,2021-07-17 19:00:34,37.9281,102.6414,72.91,34,22,4.5
196,Isoka,ZM,2021-07-17 19:00:34,-10.1606,32.6335,55.33,72,9,3.36
197,Meulaboh,ID,2021-07-17 19:00:35,4.1363,96.1285,75.96,84,58,4.12
198,Bengkulu,ID,2021-07-17 19:00:35,-3.8004,102.2655,75.15,89,91,4.27
199,Naze,JP,2021-07-17 19:00:35,28.3667,129.4833,78.37,84,100,13.49
200,Semirara,PH,2021-07-17 19:00:36,12.0697,121.3986,81.91,80,100,11.99
201,Thompson,CA,2021-07-17 19:00:36,55.7435,-97.8558,67.39,29,10,7.87
202,Ayolas,PY,2021-07-17 19:00:36,-27.4,-56.9,66.38,48,0,8.23
203,Vestmannaeyjar,IS,2021-07-17 19:00:37,63.4427,-20.2734,51.35,87,50,16.2
204,Inhambane,MZ,2021-07-17 19:00:37,-23.865,35.3833,63.28,84,17,8.66
205,Ola,RU,2021-07-17 19:00:37,59.5833,151.2833,56.8,89,100,12.48
206,Saskylakh,RU,2021-07-17 19:00:38,71.9167,114.0833,47.44,66,58,7.27
207,Krasnoye,UA,2021-07-17 18:56:18,49.9145,24.6134,81.75,74,100,4.52
208,Cidreira,BR,2021-07-17 19:00:38,-30.1811,-50.2056,63.36,66,24,13.78
209,Conceicao Do Araguaia,BR,2021-07-17 19:00:38,-8.2578,-49.2647,98.01,20,0,3.65
210,Tagusao,PH,2021-07-17 19:00:39,9.1924,117.8141,80.55,82,100,15.52
211,Olafsvik,IS,2021-07-17 19:00:40,64.8945,-23.7142,50.38,85,14,12.62
212,Great Falls,US,2021-07-17 19:00:40,47.5002,-111.3008,89.92,22,1,5.01
213,Acajutla,SV,2021-07-17 19:00:40,13.5928,-89.8275,91.8,60,24,8.68
214,Charlestown,AU,2021-07-17 19:00:41,-32.95,151.6667,53.82,69,8,1.99
215,Gasa,PS,2021-07-17 18:58:39,31.5,34.4667,84.18,70,0,7.76
216,Luanda,AO,2021-07-17 18:57:26,-8.8368,13.2343,73.4,88,20,6.91
217,Clyde River,CA,2021-07-17 19:00:42,70.4692,-68.5914,39.38,88,100,9.44
218,Fomboni,KM,2021-07-17 19:00:42,-12.28,43.7425,77.38,71,6,16.22
219,Iqaluit,CA,2021-07-17 19:00:42,63.7506,-68.5145,55.13,62,70,7.43
220,Kultuk,RU,2021-07-17 19:00:43,51.7208,103.6956,62.44,99,100,2.89
221,Selikhino,RU,2021-07-17 19:00:43,50.3672,137.4996,63.64,86,0,1.79
222,Tiznit,MA,2021-07-17 19:00:44,29.5833,-9.5,95.32,21,31,2.62
223,Liku,ID,2021-07-17 19:00:44,-0.7275,119.8922,74.26,82,99,2.89
224,Ossora,RU,2021-07-17 19:00:44,59.2353,163.0719,52.21,92,100,8.34
225,Matagami,CA,2021-07-17 19:00:44,49.7502,-77.6328,84.43,38,99,5.03
226,Zaysan,KZ,2021-07-17 19:00:45,47.4667,84.8667,64.51,47,18,7.49
227,Sao Mateus Do Maranhao,BR,2021-07-17 19:00:45,-4.0417,-44.475,87.35,54,80,5.03
228,Magadi,IN,2021-07-17 19:00:46,12.9667,77.2333,70.14,93,100,9.93
229,Ryotsu,JP,2021-07-17 19:00:46,38.0833,138.4333,75.9,80,2,4.12
230,Vysotsk,RU,2021-07-17 19:00:46,60.6288,28.5705,76.32,61,0,5.17
231,Coquimbo,CL,2021-07-17 19:00:47,-29.9533,-71.3436,66.76,45,32,6.51
232,Galesong,ID,2021-07-17 19:00:47,-5.3166,119.3661,75.22,79,100,4.61
233,Bambanglipuro,ID,2021-07-17 19:00:48,-7.95,110.2833,73.8,88,11,4.12
234,Ewo,CG,2021-07-17 19:00:48,-0.8725,14.8206,85.42,35,98,3.71
235,Hamilton,US,2021-07-17 19:00:48,39.1834,-84.5333,83.21,75,96,3.0
236,Virginia Beach,US,2021-07-17 18:56:54,36.8529,-75.978,96.03,60,21,1.99
237,Umm Bab,QA,2021-07-17 19:00:49,25.2142,50.8072,91.56,67,100,16.06
238,Arinos,BR,2021-07-17 19:00:49,-15.9169,-46.1056,90.25,20,0,2.19
239,Matamoros,MX,2021-07-17 18:58:04,25.5333,-103.25,87.12,41,11,4.52
240,Batamshinskiy,KZ,2021-07-17 19:00:50,50.5594,58.2747,66.38,71,5,4.27
241,Yulara,AU,2021-07-17 19:00:50,-25.2406,130.9889,49.01,63,1,7.85
242,Abnub,EG,2021-07-17 19:00:50,27.2696,31.1511,94.46,18,15,9.31
243,Bideford,GB,2021-07-17 19:00:50,51.0179,-4.2046,78.37,84,0,5.06
244,Myre,NO,2021-07-17 19:00:51,69.1036,15.9492,51.75,80,14,12.97
245,Mehamn,NO,2021-07-17 19:00:52,71.0357,27.8492,50.36,89,97,22.17
246,Kokkola,FI,2021-07-17 19:00:52,63.8385,23.1307,68.5,81,0,3.0
247,Harindanga,IN,2021-07-17 19:00:52,22.0383,88.3214,84.18,82,100,11.63
248,Kangaba,ML,2021-07-17 19:00:52,11.9333,-8.4167,83.71,60,100,2.21
249,Klamath Falls,US,2021-07-17 19:00:53,42.2249,-121.7817,83.86,32,0,3.0
250,Sakaraha,MG,2021-07-17 19:00:53,-22.9,44.5333,61.72,68,2,1.36
251,Jiran,IN,2021-07-17 19:00:54,24.3167,74.8833,85.14,66,100,11.1
252,Lubbock,US,2021-07-17 19:00:54,33.6001,-101.8338,92.37,46,56,5.01
253,Catuday,PH,2021-07-17 19:00:54,16.2923,119.8062,77.86,88,100,6.82
254,Lancaster,US,2021-07-17 19:00:55,40.2504,-76.2499,95.47,68,0,1.01
255,Chernyshevskiy,RU,2021-07-17 19:00:55,63.0128,112.4714,56.98,94,10,4.03
256,Sur,OM,2021-07-17 19:00:55,22.5667,59.5289,85.28,70,6,19.91
257,Nauta,PE,2021-07-17 19:00:56,-4.5061,-73.5757,81.18,76,100,5.41
258,Tabas,IR,2021-07-17 19:00:56,33.5959,56.9244,98.78,17,100,12.06
259,Batagay-Alyta,RU,2021-07-17 19:00:56,67.8006,130.4114,40.78,87,37,2.8
260,Berlevag,NO,2021-07-17 19:00:57,70.8578,29.0864,52.32,80,66,18.9
261,Gobabis,NA,2021-07-17 19:00:57,-22.45,18.9667,53.35,40,0,12.28
262,Tarabuco,BO,2021-07-17 19:00:58,-19.1667,-64.9167,55.31,46,53,9.4
263,Oparino,RU,2021-07-17 19:00:58,59.8518,48.2783,62.96,79,51,2.15
264,Prieska,ZA,2021-07-17 19:00:59,-29.6641,22.7474,49.86,40,0,3.51
265,Bubaque,GW,2021-07-17 19:00:59,11.2833,-15.8333,80.4,78,79,10.02
266,Suntar,RU,2021-07-17 19:00:59,62.1444,117.6319,59.27,96,7,3.85
267,Puerto Ayacucho,VE,2021-07-17 19:01:00,5.6639,-67.6236,85.26,70,77,2.84
268,Ewa Beach,US,2021-07-17 19:01:00,21.3156,-158.0072,82.02,65,90,8.05
269,Alghero,IT,2021-07-17 19:01:00,40.5589,8.3181,75.29,78,0,6.91
270,Riyadh,SA,2021-07-17 19:01:01,24.6877,46.7219,91.04,34,100,10.6
271,Ponta Do Sol,PT,2021-07-17 19:01:01,32.6667,-17.1,77.72,76,2,2.08
272,Kabalo,CD,2021-07-17 19:01:01,-6.05,26.9167,78.93,32,90,4.7
273,Raton,US,2021-07-17 19:01:02,36.9034,-104.4391,86.34,42,1,1.01
274,Sistranda,NO,2021-07-17 19:01:02,63.7256,8.834,55.36,80,66,27.09
275,Zhuhai,CN,2021-07-17 19:01:03,22.2769,113.5678,83.91,74,20,8.05
276,Klerksdorp,ZA,2021-07-17 19:01:03,-26.8521,26.6667,45.39,38,0,2.53
277,Gunzburg,DE,2021-07-17 19:01:03,48.45,10.2667,69.35,96,100,5.37
278,Glace Bay,CA,2021-07-17 19:01:04,46.1969,-59.957,80.92,48,100,7.34
279,Bambous Virieux,MU,2021-07-17 19:01:04,-20.3428,57.7575,71.22,74,42,17.0
280,Namibe,AO,2021-07-17 19:01:04,-15.1961,12.1522,67.68,90,1,7.07
281,Hasaki,JP,2021-07-17 19:01:04,35.7333,140.8333,72.0,93,38,6.11
282,Coxim,BR,2021-07-17 19:01:05,-18.5067,-54.76,90.5,25,5,6.46
283,Longyearbyen,SJ,2021-07-17 19:01:05,78.2186,15.6401,49.84,71,40,18.41
284,Mahibadhoo,MV,2021-07-17 19:01:05,3.7833,72.9667,82.72,77,97,10.96
285,Biak,ID,2021-07-17 19:01:06,-0.9131,122.8766,73.18,87,100,1.86
286,Port Elizabeth,ZA,2021-07-17 19:01:06,-33.918,25.5701,49.1,79,0,7.85
287,Lima,PE,2021-07-17 18:59:08,-12.0432,-77.0282,67.89,77,90,5.75
288,Ribeira Grande,PT,2021-07-17 19:01:06,38.5167,-28.7,73.8,68,20,14.97
289,Biograd Na Moru,HR,2021-07-17 19:01:07,43.9433,15.4519,71.76,79,97,7.85
290,Ust-Nera,RU,2021-07-17 19:01:07,64.5667,143.2,63.48,43,73,6.38
291,Shahada,IN,2021-07-17 19:01:07,21.55,74.4667,83.7,78,100,13.6
292,Inta,RU,2021-07-17 19:01:08,66.0317,60.1659,58.01,68,55,6.96
293,Matara,LK,2021-07-17 19:01:08,5.9485,80.5353,79.3,84,97,13.13
294,Gorontalo,ID,2021-07-17 19:01:08,0.5412,123.0595,74.39,93,80,2.89
295,Sorland,NO,2021-07-17 19:01:09,67.667,12.6934,53.02,88,100,14.97
296,Nome,US,2021-07-17 19:01:09,64.5011,-165.4064,50.16,87,90,13.8
297,Aripuana,BR,2021-07-17 19:01:09,-9.1667,-60.6333,97.57,24,0,2.42
298,Santa Rosa,PH,2021-07-17 19:01:10,14.3122,121.1114,81.1,84,100,5.01
299,Le Port,RE,2021-07-17 19:01:10,-20.9373,55.2919,68.61,71,97,10.63
300,Urumqi,CN,2021-07-17 19:01:10,43.801,87.6005,68.95,40,0,4.47
301,Mar Del Plata,AR,2021-07-17 19:01:11,-38.0023,-57.5575,50.0,52,100,13.0
302,Moose Jaw,CA,2021-07-17 19:01:11,50.4001,-105.5344,92.3,30,100,8.16
303,Staraya Mayna,RU,2021-07-17 19:01:11,54.6,48.95,68.23,71,0,4.54
304,Kloulklubed,PW,2021-07-17 19:01:11,7.0419,134.2556,80.42,80,100,6.11
305,Pecos,US,2021-07-17 19:01:12,31.4229,-103.4932,93.31,36,1,4.61
306,Amapa,BR,2021-07-17 19:01:12,1.0,-52.0,85.32,60,29,5.44
307,Kautokeino,NO,2021-07-17 19:01:12,69.0125,23.0412,54.99,61,99,9.89
308,Sitka,US,2021-07-17 19:01:13,57.0531,-135.33,64.11,73,100,2.44
309,Agadir,MA,2021-07-17 19:01:13,30.4202,-9.5982,77.45,39,4,0.92
310,Igarka,RU,2021-07-17 19:01:13,67.4667,86.5833,48.02,84,96,2.82
311,Bandiagara,ML,2021-07-17 19:01:13,14.3501,-3.6104,93.67,37,63,5.08
312,Frejus,FR,2021-07-17 19:01:14,43.4329,6.7352,83.98,52,98,2.89
313,Mildura,AU,2021-07-17 19:01:14,-34.2,142.15,47.5,78,100,9.33
314,Woodway,US,2021-07-17 18:56:35,31.506,-97.205,90.84,55,40,1.01
315,Irtyshskiy,RU,2021-07-17 19:01:14,58.3333,68.1333,50.59,87,4,0.72
316,Broken Hill,AU,2021-07-17 19:01:15,-31.95,141.4333,42.15,83,5,7.99
317,Chitral,PK,2021-07-17 19:00:12,35.8462,71.7858,82.29,51,7,2.21
318,Puerto Carreno,CO,2021-07-17 19:01:15,6.189,-67.4859,88.68,56,88,5.53
319,Ketchikan,US,2021-07-17 18:58:57,55.3422,-131.6461,61.38,75,94,4.18
320,Vanimo,PG,2021-07-17 19:01:15,-2.6741,141.3028,77.65,88,100,4.41
321,Chester,US,2021-07-17 19:00:15,40.1254,-75.8749,94.75,64,1,1.01
322,Basco,PH,2021-07-17 19:01:16,20.4487,121.9702,82.89,82,77,6.08
323,Kouqian,CN,2021-07-17 19:01:16,43.6391,126.4578,71.58,90,4,3.6
324,Bambui,BR,2021-07-17 19:01:16,-20.0064,-45.9769,86.61,21,16,7.87
325,Cap Malheureux,MU,2021-07-17 19:01:17,-19.9842,57.6142,71.47,75,86,5.99
326,Vila Franca Do Campo,PT,2021-07-17 19:01:17,37.7167,-25.4333,70.21,66,31,7.47
327,Port Keats,AU,2021-07-17 19:01:17,-14.25,129.55,72.25,40,76,10.04
328,Ilulissat,GL,2021-07-17 19:01:18,69.2167,-51.1,51.82,58,75,3.44
329,Lakselv,NO,2021-07-17 19:01:18,70.0513,24.9718,58.82,67,90,14.97
330,Daru,PG,2021-07-17 19:01:18,-9.0763,143.2092,77.47,89,100,12.06
331,Acarau,BR,2021-07-17 19:01:19,-2.8856,-40.12,84.43,64,31,15.14
332,Anadyr,RU,2021-07-17 19:01:19,64.75,177.4833,55.0,82,100,13.0
333,Kroya,ID,2021-07-17 19:01:19,-7.6331,109.2461,75.02,88,47,5.01
334,Belaya Gora,RU,2021-07-17 19:01:19,68.5333,146.4167,38.59,73,100,18.54
335,Namatanai,PG,2021-07-17 19:01:20,-3.6667,152.4333,78.67,87,100,4.88
336,Pacifica,US,2021-07-17 19:00:42,37.6138,-122.4869,89.4,75,26,1.99
337,Abu Samrah,SY,2021-07-17 19:01:20,35.3029,37.1841,86.99,33,0,10.22
338,Jizan,SA,2021-07-17 19:01:21,17.3333,42.6667,93.2,31,100,0.81
339,Hami,CN,2021-07-17 19:01:21,42.8,93.45,81.73,28,38,13.56
340,Mbeya,TZ,2021-07-17 19:01:21,-8.9,33.45,50.27,89,33,6.67
341,Sayyan,YE,2021-07-17 19:01:21,15.1718,44.3244,63.88,41,100,4.85
342,Sorkjosen,NO,2021-07-17 19:01:22,69.8,20.9333,53.89,85,100,2.37
343,Oarai,JP,2021-07-17 19:01:22,36.3167,140.6,74.34,90,62,5.88
344,Camapua,BR,2021-07-17 19:01:22,-19.5314,-54.0439,87.17,28,37,7.92
345,Sulangan,PH,2021-07-17 19:01:23,11.1373,123.7228,83.23,75,100,8.05
346,Doha,QA,2021-07-17 19:00:21,25.2867,51.5333,93.18,70,0,11.5
347,Altay,CN,2021-07-17 19:01:23,47.8667,88.1167,59.9,43,1,4.32
348,Kieta,PG,2021-07-17 19:01:23,-6.2167,155.6333,81.01,83,100,8.37
349,Hit,IQ,2021-07-17 19:01:24,33.6416,42.8251,99.81,11,0,5.06
350,Nizwa,OM,2021-07-17 19:01:24,22.9333,57.5333,80.42,79,92,10.87
351,Bredasdorp,ZA,2021-07-17 19:01:24,-34.5322,20.0403,52.29,96,2,1.7
352,Salisbury,GB,2021-07-17 19:01:24,51.0693,-1.7957,79.56,79,0,3.65
353,Niono,ML,2021-07-17 19:01:25,14.2526,-5.993,95.32,36,20,5.95
354,Dudinka,RU,2021-07-17 19:01:25,69.4058,86.1778,52.18,79,100,2.28
355,Marrakesh,MA,2021-07-17 19:01:25,31.6315,-8.0083,104.07,12,40,12.66
356,Arman,RU,2021-07-17 19:01:26,59.7,150.1667,56.84,92,100,5.93
357,Erenhot,CN,2021-07-17 19:01:26,43.6475,111.9767,72.52,57,0,13.18
358,Dubno,UA,2021-07-17 19:01:27,50.4169,25.7343,72.9,82,100,2.24
359,San Patricio,US,2021-07-17 19:01:27,28.017,-97.5169,93.92,50,9,13.76
360,Ochsenfurt,DE,2021-07-17 19:01:27,49.6643,10.0623,74.64,92,100,7.09
361,Ginir,ET,2021-07-17 19:01:27,7.1333,40.7,57.24,79,100,5.7
362,Xique-Xique,BR,2021-07-17 19:01:28,-10.8218,-42.7263,85.96,36,0,3.27
363,Cartagena,CO,2021-07-17 19:01:28,10.3997,-75.5144,82.27,79,100,6.69
364,Polyarnyy,RU,2021-07-17 19:01:28,69.1989,33.4478,55.87,82,99,2.64
365,Bow Island,CA,2021-07-17 19:01:29,49.8668,-111.3684,92.35,12,0,8.52
366,Talcahuano,CL,2021-07-17 19:01:29,-36.7167,-73.1167,52.95,53,0,10.16
367,Porangatu,BR,2021-07-17 19:01:29,-13.4408,-49.1486,94.71,18,0,3.02
368,Port Hardy,CA,2021-07-17 19:01:30,50.6996,-127.4199,59.18,77,75,8.05
369,Comodoro Rivadavia,AR,2021-07-17 18:57:42,-45.8667,-67.5,51.66,54,40,6.91
370,Mokhsogollokh,RU,2021-07-17 19:01:31,61.4681,128.9203,58.6,68,100,4.76
371,Vardo,NO,2021-07-17 19:01:31,70.3705,31.1107,51.93,86,82,7.85
372,Kone,NC,2021-07-17 19:01:31,-21.0595,164.8658,66.81,74,4,2.55
373,Itupiranga,BR,2021-07-17 19:01:32,-5.1347,-49.3267,89.92,31,33,1.97
374,Caravelas,BR,2021-07-17 19:01:32,-17.7125,-39.2481,76.5,61,0,7.87
375,Kavieng,PG,2021-07-17 19:01:33,-2.5744,150.7967,82.38,80,96,13.67
376,Dhidhdhoo,MV,2021-07-17 19:01:33,6.8833,73.1,81.61,82,100,11.25
377,Tazovskiy,RU,2021-07-17 19:01:33,67.4667,78.7,41.22,80,43,8.01
378,Vestmanna,FO,2021-07-17 19:01:34,62.1564,-7.1664,50.92,87,75,10.36
379,Pevek,RU,2021-07-17 19:01:34,69.7008,170.3133,47.34,75,92,19.42
380,Laguna,US,2021-07-17 19:01:34,38.421,-121.4238,99.64,39,1,1.99
381,Wilmington,US,2021-07-17 18:58:51,34.2257,-77.9447,92.98,64,50,5.01
382,Fare,PF,2021-07-17 19:01:35,-16.7,-151.0167,79.0,74,0,20.96
383,Katsina,NG,2021-07-17 19:01:35,12.9894,7.6006,86.72,49,100,7.14
384,Ankazoabo,MG,2021-07-17 19:01:35,-22.2833,44.5167,63.05,47,1,3.8
385,Soyo,AO,2021-07-17 19:01:36,-6.1349,12.3689,72.52,87,58,8.5
386,Alofi,NU,2021-07-17 19:01:36,-19.0595,-169.9187,76.77,80,6,19.3
387,Usevya,TZ,2021-07-17 19:01:37,-7.1,31.2333,66.78,46,12,4.47
388,Havre-Saint-Pierre,CA,2021-07-17 19:01:37,50.2334,-63.5986,63.5,75,26,14.34
389,Mahebourg,MU,2021-07-17 19:01:37,-20.4081,57.7,71.26,74,51,16.91
390,Lasa,IT,2021-07-17 19:01:38,46.6166,10.7002,69.71,91,100,6.46
391,Batemans Bay,AU,2021-07-17 19:01:38,-35.7167,150.1833,48.2,67,1,6.89
392,Trenggalek,ID,2021-07-17 19:01:38,-8.05,111.7167,71.4,94,99,1.54
393,Yerbogachen,RU,2021-07-17 19:01:39,61.2767,108.0108,66.63,72,100,9.24
394,Cascais,PT,2021-07-17 19:01:39,38.6979,-9.4215,78.62,53,0,11.5
395,Kokemaki,FI,2021-07-17 19:01:40,61.2565,22.3564,74.44,62,0,6.46
396,Kruglolesskoye,RU,2021-07-17 19:01:40,44.6589,42.8142,71.69,43,0,5.66
397,Praia Da Vitoria,PT,2021-07-17 19:01:40,38.7333,-27.0667,72.75,73,9,5.82
398,Topchikha,RU,2021-07-17 19:01:41,52.8192,83.1185,61.38,77,100,7.0
399,La Romana,DO,2021-07-17 19:00:09,18.4273,-68.9728,87.93,56,71,10.71
400,Wuxue,CN,2021-07-17 19:01:41,29.8506,115.5525,74.37,96,95,1.81
401,Gilgit,PK,2021-07-17 19:01:41,35.9221,74.3087,88.66,42,1,2.26
402,Roebourne,AU,2021-07-17 19:01:42,-20.7833,117.1333,66.72,28,56,6.17
403,Pomabamba,PE,2021-07-17 19:01:42,-8.8333,-77.4667,62.28,39,48,8.63
404,Kodiak,US,2021-07-17 19:01:43,57.79,-152.4072,62.53,69,0,0.58
405,Sechura,PE,2021-07-17 19:01:43,-5.5569,-80.8222,77.81,57,39,10.74
406,Kursk,RU,2021-07-17 19:01:43,51.7303,36.1939,75.4,69,0,2.24
407,Teterow,DE,2021-07-17 19:01:44,53.7833,12.5667,73.56,75,0,9.84
408,Cedar City,US,2021-07-17 19:01:44,37.6775,-113.0619,89.4,24,52,4.79
409,Lerwick,GB,2021-07-17 19:01:45,60.1545,-1.1494,55.4,82,43,20.71
410,Jardim,BR,2021-07-17 19:01:45,-21.4803,-56.1381,71.4,63,100,5.32
411,Narsaq,GL,2021-07-17 19:01:45,60.9167,-46.05,57.42,67,100,2.26
412,Madimba,TZ,2021-07-17 19:01:46,-10.4,40.3333,74.1,74,90,11.39
413,Moranbah,AU,2021-07-17 19:01:46,-22.0016,148.0466,53.11,49,6,7.2
414,San Ramon De La Nueva Oran,AR,2021-07-17 19:01:46,-23.1322,-64.326,70.43,39,63,8.25
415,Ulaanbaatar,MN,2021-07-17 19:01:46,47.9077,106.8832,59.13,88,0,2.24
416,Mweka,CD,2021-07-17 19:01:47,-4.85,21.5667,77.61,31,88,0.92
417,Forbes,AU,2021-07-17 19:01:47,-33.3833,148.0167,44.28,90,100,7.09
418,Rumoi,JP,2021-07-17 19:01:47,43.9344,141.6428,67.06,92,6,5.44
419,Viedma,AR,2021-07-17 19:01:48,-40.8135,-62.9967,48.94,66,100,24.94
420,San Jeronimo,PE,2021-07-17 19:01:48,-11.9472,-75.2829,63.68,28,54,2.01
421,Nemuro,JP,2021-07-17 19:01:49,43.3236,145.575,59.61,90,100,1.99
422,Vera Cruz,BR,2021-07-17 19:01:49,-12.6333,-41.0333,85.1,23,0,3.51
423,Mount Isa,AU,2021-07-17 19:01:49,-20.7333,139.5,42.57,61,6,0.0
424,Sambava,MG,2021-07-17 19:01:50,-14.2667,50.1667,69.51,84,68,10.92
425,Abonnema,NG,2021-07-17 19:01:50,4.7084,6.7931,75.54,85,100,6.22
426,Bonfim,BR,2021-07-17 19:01:51,3.0833,-59.95,85.3,66,52,5.12
427,La Puebla De Cazalla,ES,2021-07-17 19:01:51,37.2216,-5.3115,90.1,24,0,15.17
428,Kabin Buri,TH,2021-07-17 19:01:51,13.9511,101.7177,76.03,94,94,3.11
429,Goure,NE,2021-07-17 19:01:52,13.9835,10.2704,89.02,58,100,14.7
430,Leshan,CN,2021-07-17 19:01:52,29.5623,103.7639,73.83,97,100,2.19
431,Manitouwadge,CA,2021-07-17 19:01:52,49.1215,-85.8403,84.67,32,35,10.8
432,Kununurra,AU,2021-07-17 18:57:15,-15.7667,128.7333,60.78,63,69,2.3
433,Mazamari,PE,2021-07-17 19:01:53,-11.3258,-74.5308,88.57,42,53,2.93
434,Husavik,IS,2021-07-17 18:57:14,66.0449,-17.3389,64.31,61,0,4.07
435,Hay River,CA,2021-07-17 19:01:49,60.8156,-115.7999,56.66,50,100,7.49
436,Hobyo,SO,2021-07-17 19:01:53,5.3505,48.5268,77.43,76,25,31.36
437,Florida,US,2021-07-17 19:01:54,28.7505,-82.5001,96.04,52,40,1.01
438,Ajdabiya,LY,2021-07-17 19:01:54,30.7554,20.2263,78.26,72,0,13.8
439,Gweta,BW,2021-07-17 19:01:54,-20.1833,25.2333,60.26,35,0,8.34
440,Jutai,BR,2021-07-17 19:01:55,-5.1833,-68.9,84.83,68,25,1.43
441,Pemberton,CA,2021-07-17 19:00:14,50.3164,-122.8027,69.49,62,100,2.95
442,Lavrentiya,RU,2021-07-17 19:01:56,65.5833,-171.0,47.52,87,75,7.87
443,Makakilo City,US,2021-07-17 19:01:56,21.3469,-158.0858,80.62,63,90,8.05
444,Huarmey,PE,2021-07-17 19:01:56,-10.0681,-78.1522,69.94,70,20,11.88
445,Shagonar,RU,2021-07-17 19:01:56,51.5333,92.8,58.95,73,57,1.34
446,Salamiyah,SY,2021-07-17 19:01:57,35.0113,37.0532,82.98,41,0,9.46
447,Chumphon,TH,2021-07-17 19:01:57,10.3333,98.8333,72.59,94,56,2.75
448,Kuah,MY,2021-07-17 19:01:57,6.3265,99.8432,83.53,76,12,6.35
449,Lobito,AO,2021-07-17 19:01:58,-12.3481,13.5456,70.5,86,1,4.79
450,Lewisporte,CA,2021-07-17 19:01:58,49.2499,-55.0482,79.14,37,30,10.18
451,Ambilobe,MG,2021-07-17 19:01:58,-13.2,49.05,68.25,74,100,4.12
452,Kandi,BJ,2021-07-17 19:01:59,11.1342,2.9386,77.13,83,100,5.37
453,Salcininkai,LT,2021-07-17 19:01:59,54.3,25.3833,71.69,82,26,2.84
454,San Cristobal,VE,2021-07-17 19:01:59,7.7669,-72.225,79.11,59,27,7.2
455,Yaan,NG,2021-07-17 19:02:00,7.3833,8.5667,72.75,96,48,5.41
456,Bull Savanna,JM,2021-07-17 19:02:00,17.8868,-77.5902,84.7,64,34,18.86
457,Kualakapuas,ID,2021-07-17 19:02:00,-3.0091,114.3876,75.36,95,100,0.96
458,Thongwa,MM,2021-07-17 19:02:00,16.7619,96.5278,77.16,90,48,4.94
459,Sieradz,PL,2021-07-17 19:02:01,51.5958,18.7302,81.05,76,8,7.27
460,Yuancheng,CN,2021-07-17 19:02:01,36.652,107.7896,68.9,80,0,2.37
461,Sikonge,TZ,2021-07-17 19:02:02,-5.6333,32.7667,66.0,33,18,5.46
462,Whyalla,AU,2021-07-17 19:02:02,-33.0333,137.5833,50.61,71,100,8.12
463,Aswan,EG,2021-07-17 19:02:02,24.0934,32.907,97.11,14,100,9.89
464,Sao Joao Da Barra,BR,2021-07-17 19:02:02,-21.6403,-41.0511,73.69,79,0,12.59
465,Cozumel,MX,2021-07-17 19:00:08,20.5083,-86.9458,87.12,90,84,3.0
466,Kauhajoki,FI,2021-07-17 19:02:03,62.4333,22.1833,71.58,72,0,5.01
467,Pietarsaari,FI,2021-07-17 19:02:03,63.65,22.6833,68.47,73,11,6.17
468,Benguela,AO,2021-07-17 19:02:04,-12.5763,13.4055,70.07,86,0,3.74
469,Kastamonu,TR,2021-07-17 19:02:04,41.5,33.6667,67.73,70,0,1.83
470,Jumla,NP,2021-07-17 19:02:04,29.2747,82.1838,64.69,98,100,0.63
471,De-Kastri,RU,2021-07-17 19:02:05,51.4667,140.7833,64.13,76,100,7.76
472,Zhigansk,RU,2021-07-17 19:02:05,66.7697,123.3711,44.74,70,100,12.86
473,Trinidad,BO,2021-07-17 19:02:05,-14.8333,-64.9,91.6,37,19,3.09
474,Lompoc,US,2021-07-17 19:02:05,34.6391,-120.4579,89.02,66,1,14.97
475,Wewak,PG,2021-07-17 19:02:06,-3.5534,143.6268,79.14,82,100,2.3
476,Rio Grande,BR,2021-07-17 19:02:06,-32.035,-52.0986,57.94,73,95,17.18
477,Antoing,BE,2021-07-17 19:02:06,50.556,3.4653,73.42,76,0,10.45
478,Deniliquin,AU,2021-07-17 19:02:07,-35.5333,144.9667,42.01,93,6,7.76
479,Broome,US,2021-07-17 19:02:07,42.2506,-75.833,87.17,68,96,1.99
480,Monroe,US,2021-07-17 19:02:07,43.1501,-77.6831,66.65,91,90,16.11
481,Lebedinyy,RU,2021-07-17 19:02:08,58.5167,125.5167,58.59,74,5,8.3
482,Morehead,US,2021-07-17 19:02:08,37.2711,-87.1764,84.31,72,75,0.0
483,Kapuskasing,CA,2021-07-17 18:59:08,49.4169,-82.4331,80.69,53,90,9.22
484,Vilcun,CL,2021-07-17 19:02:08,-38.65,-72.2333,45.82,66,59,6.33
485,Jalu,LY,2021-07-17 19:02:08,29.0331,21.5482,87.75,37,0,21.34
486,Talnakh,RU,2021-07-17 19:02:09,69.4865,88.3972,53.58,94,97,4.81
487,Chicama,PE,2021-07-17 19:02:09,-7.8447,-79.1469,74.5,59,11,9.55
488,Asfi,MA,2021-07-17 19:02:09,32.2994,-9.2372,75.58,67,0,19.86
489,Olinda,BR,2021-07-17 18:59:07,-8.0089,-34.8553,74.93,78,75,4.61
490,Apache Junction,US,2021-07-17 19:02:10,33.4151,-111.5496,95.85,40,75,4.0
491,Udarnyy,RU,2021-07-17 19:02:10,54.3409,42.8611,72.03,67,31,3.29
492,Chimbote,PE,2021-07-17 19:02:10,-9.0853,-78.5783,69.22,71,11,11.21
493,Aquiraz,BR,2021-07-17 19:02:11,-3.9014,-38.3911,84.29,64,72,8.48
494,Terney,RU,2021-07-17 19:02:11,45.0503,136.6092,73.8,85,0,6.78
495,Natal,BR,2021-07-17 19:02:11,-5.795,-35.2094,81.48,68,23,13.56
496,Bilma,NE,2021-07-17 19:02:11,18.6853,12.9164,97.23,9,99,4.68
497,Buraydah,SA,2021-07-17 19:02:12,26.326,43.975,95.63,18,79,17.6
498,Nuuk,GL,2021-07-17 19:02:12,64.1835,-51.7216,52.41,87,75,3.44
499,Ribeira Do Pombal,BR,2021-07-17 19:02:12,-10.8344,-38.5358,79.5,56,100,9.24
500,Altea,ES,2021-07-17 19:02:13,38.5989,-0.0514,82.15,71,0,5.59
501,Udayagiri,IN,2021-07-17 19:02:13,20.1333,84.3833,74.39,92,100,2.75
502,Karratha,AU,2021-07-17 19:02:13,-20.7377,116.8463,66.16,31,45,7.49
503,Paamiut,GL,2021-07-17 19:02:14,61.994,-49.6678,45.77,94,100,1.32
504,Solnechnyy,RU,2021-07-17 19:02:14,50.7214,136.6319,65.91,72,7,4.54
505,Cabedelo,BR,2021-07-17 19:02:14,-6.9811,-34.8339,78.06,82,51,14.52
506,Saint George,US,2021-07-17 19:02:14,37.1041,-113.5841,100.54,27,1,3.0
507,Chippewa Falls,US,2021-07-17 19:00:04,44.9369,-91.3929,85.14,50,0,2.39
508,Saint Anthony,US,2021-07-17 19:02:15,45.0205,-93.218,88.86,39,20,3.0
509,Mana,GF,2021-07-17 19:02:10,5.6592,-53.7767,83.12,71,30,9.4
510,Nuevitas,CU,2021-07-17 19:02:15,21.5453,-77.2644,87.04,61,5,14.32
511,Dera Ghazi Khan,PK,2021-07-17 19:02:16,30.0561,70.6348,105.21,31,100,16.89
512,Lakes Entrance,AU,2021-07-17 19:02:16,-37.8811,147.981,50.18,80,52,19.8
513,Tocopilla,CL,2021-07-17 19:02:16,-22.092,-70.1979,64.78,69,74,4.47
514,Banda Aceh,ID,2021-07-17 19:02:16,5.5577,95.3222,78.64,77,19,13.11
515,Neiafu,TO,2021-07-17 19:01:13,-18.65,-173.9833,77.77,84,38,19.89
516,Nurota,UZ,2021-07-17 19:02:17,40.5614,65.6886,77.09,22,0,9.44
517,Sal Rei,CV,2021-07-17 19:02:17,16.1833,-22.9167,79.0,69,0,13.8
518,Rocha,UY,2021-07-17 19:02:18,-34.4833,-54.3333,51.03,57,0,15.39
519,Mangaratiba,BR,2021-07-17 19:02:18,-22.9597,-44.0406,72.03,77,63,2.86
520,Havoysund,NO,2021-07-17 19:02:18,70.9963,24.6622,52.68,90,100,21.45
521,Senigallia,IT,2021-07-17 19:02:19,43.7093,13.2167,77.04,62,75,7.0
522,Shelburne,CA,2021-07-17 18:59:11,44.0787,-80.2041,73.24,47,100,7.7
523,Phan Thiet,VN,2021-07-17 19:02:19,10.9333,108.1,77.47,88,100,8.79
524,Kapoeta,SS,2021-07-17 19:02:19,4.7717,33.5903,71.67,88,100,12.82
525,Nouakchott,MR,2021-07-17 18:59:25,18.0858,-15.9785,78.73,81,32,16.6
526,Malinovskiy,RU,2021-07-17 19:02:20,61.1953,62.8397,61.21,65,57,5.73
527,Mareeba,AU,2021-07-17 19:02:20,-17.0,145.4333,70.52,69,85,3.22
528,Zmeinogorsk,RU,2021-07-17 19:02:20,51.1567,82.195,56.39,72,31,5.17
529,Vila Velha,BR,2021-07-17 18:59:04,-20.3297,-40.2925,80.96,61,20,13.8
530,Manado,ID,2021-07-17 19:02:21,1.487,124.8455,75.97,94,20,0.0
531,Masallatah,LY,2021-07-17 19:02:21,32.6167,14.0,72.95,70,0,8.3
532,Komatsu,JP,2021-07-17 19:02:21,36.4026,136.4509,77.22,75,62,3.67
533,Plettenberg Bay,ZA,2021-07-17 19:02:22,-34.0527,23.3716,55.22,66,0,2.37
534,Khani,GE,2021-07-17 19:02:22,41.9563,42.9566,65.77,62,81,4.36
535,Nicoya,CR,2021-07-17 19:02:22,10.1483,-85.452,85.35,71,68,4.38
536,Los Andes,CL,2021-07-17 19:02:22,-32.8337,-70.5983,59.9,13,0,3.27
537,Ahipara,NZ,2021-07-17 19:02:23,-35.1667,173.1667,59.31,86,100,14.83
538,Pochutla,MX,2021-07-17 19:02:23,15.7432,-96.4661,91.81,52,100,6.38
539,Rio Gallegos,AR,2021-07-17 19:02:23,-51.6226,-69.2181,39.47,74,100,8.08
540,Half Moon Bay,US,2021-07-17 19:02:24,37.4636,-122.4286,89.58,63,20,6.91
541,Jawhar,SO,2021-07-17 19:02:24,2.7809,45.5005,75.76,77,94,19.95
542,Khonsa,IN,2021-07-17 19:02:24,27.0167,95.5667,68.9,99,100,1.95
543,Sao Paulo De Olivenca,BR,2021-07-17 19:02:25,-3.3783,-68.8725,74.43,92,100,0.89
544,Alanya,TR,2021-07-17 19:00:10,36.5438,31.9998,83.14,62,0,2.71
545,Arlit,NE,2021-07-17 19:02:25,18.7369,7.3853,98.11,22,0,11.77
546,Punta Alta,AR,2021-07-17 19:02:25,-38.8759,-62.0736,46.54,69,100,23.8
547,Puri,IN,2021-07-17 19:02:26,19.8,85.85,87.39,80,100,17.6
548,Gazalkent,UZ,2021-07-17 19:02:26,41.5581,69.7708,75.56,24,0,7.54
549,Chapais,CA,2021-07-17 19:02:27,49.7834,-74.8492,81.64,31,87,6.78
550,Vicksburg,US,2021-07-17 19:02:27,32.3526,-90.8779,78.53,92,20,11.5
551,Finnsnes,NO,2021-07-17 19:02:27,69.2296,17.9811,56.01,79,62,7.96
552,Pundaguitan,PH,2021-07-17 19:02:28,6.3711,126.1689,83.35,73,100,3.04
553,Westport,US,2021-07-17 18:58:20,41.1415,-73.3579,91.98,79,42,1.01
554,Maniitsoq,GL,2021-07-17 19:02:28,65.4167,-52.9,47.21,91,93,1.83
555,Bajil,YE,2021-07-17 19:02:29,15.0584,43.2851,92.43,31,100,11.54
556,Mfou,CM,2021-07-17 19:02:29,3.7159,11.6427,67.62,98,87,3.53
557,Gazimurskiy Zavod,RU,2021-07-17 19:02:29,51.5461,118.3266,61.88,81,100,2.75
558,Tessalit,ML,2021-07-17 19:02:30,20.1986,1.0114,101.35,9,4,9.42
559,Suwannaphum,TH,2021-07-17 19:02:30,15.6035,103.8021,82.4,78,48,8.99
560,Jiazi,CN,2021-07-17 19:02:30,22.8779,116.067,79.83,83,99,6.67
561,Kisangani,CD,2021-07-17 19:02:31,0.5167,25.2,72.03,94,100,2.13
562,Akureyri,IS,2021-07-17 19:00:29,65.6835,-18.0878,65.86,41,1,5.03
563,Goderich,CA,2021-07-17 19:01:25,43.7501,-81.7165,79.03,71,5,9.17
564,Ambagarh Chauki,IN,2021-07-17 19:02:31,20.7833,80.7167,82.65,68,100,5.99
565,Shimoda,JP,2021-07-17 19:02:32,34.6667,138.95,73.11,86,6,1.36
566,Mugur-Aksy,RU,2021-07-17 19:02:32,50.35,90.5,50.07,78,92,3.42
567,Karpogory,RU,2021-07-17 19:02:32,64.0019,44.4451,59.5,66,38,1.99
568,Tuscaloosa,US,2021-07-17 18:59:21,33.2098,-87.5692,85.17,92,100,4.63
569,Trindade,BR,2021-07-17 19:02:32,-16.6494,-49.4889,86.68,17,0,7.09
570,Coffs Harbour,AU,2021-07-17 19:02:33,-30.3,153.1333,55.36,44,0,12.66
571,Tual,ID,2021-07-17 19:02:33,-5.6667,132.75,80.08,84,100,18.72
572,Belyy Yar,RU,2021-07-17 19:02:33,53.6039,91.3903,58.89,77,0,0.0
573,Oktyabrskoye,RU,2021-07-17 19:02:34,43.0645,44.7417,69.94,64,10,6.71
574,Duiwelskloof,ZA,2021-07-17 19:02:34,-23.6934,30.14,51.93,50,1,2.55
575,Novyy Urengoy,RU,2021-07-17 19:02:34,66.0833,76.6333,46.47,73,73,6.98
576,Atherton,GB,2021-07-17 19:02:35,53.5237,-2.4935,81.95,61,6,6.06
577,Los Llanos De Aridane,ES,2021-07-17 19:02:35,28.6585,-17.9182,69.55,78,20,16.11
578,La Ronge,CA,2021-07-17 19:02:35,55.1001,-105.2842,56.59,57,100,9.46
579,Ciudad Bolivar,VE,2021-07-17 18:58:03,8.1222,-63.5497,89.28,47,51,6.04
580,Okha,RU,2021-07-17 19:02:36,53.5739,142.9478,57.51,91,6,12.91
581,Takanabe,JP,2021-07-17 19:02:36,32.1333,131.5,74.57,95,100,6.11
